"firewallName","3","6","10"
"SerialFirewallDriver",1,1,1
"CoarseTaskPoolDriver",1.0733829329747715,1.2161109663403424,1.137201167722773
"CoarseWorkerPoolDriver",1.0348931783547182,1.094816870678307,1.1162168485316757
"CoarsePartialPipelineDriver",1.0641271099673348,1.266228407248968,1.0066395063493896
"CoarsePhasedPipelineDriver",1.3560794489699015,0.9214687986553316,0.9252371824722211
"StripedLockTaskPoolDriver",1.786772167757087,2.0134109761511834,2.1097398887656897
"StripedLockWorkerPoolDriver",2.314109414153288,3.536663531583104,4.419220982940914
"StripedLockPartialPipelineDriver",1.663518524101777,2.923968443366713,3.6694084931426216
"StripedLockPhasedPipelineDriver",1.9999738485708713,2.957990767288937,3.09947183523819
"StripedLockPNGRTaskPoolDriver",1.9790657085426164,2.151831800940612,1.9650809475360504
"StripedLockPNGRWorkerPoolDriver",2.5415813778226175,3.926847877507156,4.715299972118525
"StripedLockPNGRPartialPipelineDriver",1.6777595693571692,3.097611078143199,3.7647815262009208
"StripedLockPNGRPhasedPipelineDriver",2.1195429613556285,3.0057975557561605,2.909345173765326
"FineGrainedTaskPoolDriver",2.048778263256883,2.066991598934693,2.0380427254455236
"FineGrainedWorkerPoolDriver",2.524615613504054,3.6943054343509996,4.460600017616607
"FineGrainedPartialPipelineDriver",1.70974085587072,3.007827497934826,3.0931032966196406
"FineGrainedPhasedPipelineDriver",2.144844807122872,2.936197644148955,2.7702700995074494
"NonBlockingTaskPoolDriver",2.017566057898304,1.9748080229817837,1.5443221704215147
"NonBlockingWorkerPoolDriver",2.571949215170746,4.070851679690114,4.234729341541561
"NonBlockingPartialPipelineDriver",1.6809409172043481,2.6465510790344333,3.311229561085893
"NonBlockingPhasedPipelineDriver",1.9918689019656084,2.9463291452085603,2.667434941629573