"firewallName","3","6","10"
"SerialFirewallDriver",1,1,1
"CoarseTaskPoolDriver",1.3606456626486794,1.4891258525745414,1.4051006966511403
"CoarseWorkerPoolDriver",1.2470056498605753,1.3602955268172365,1.477980818808672
"CoarsePartialPipelineDriver",1.0659372440820274,1.986708808103451,1.7438481827715735
"CoarsePhasedPipelineDriver",1.6228651681214252,1.113574929132817,1.137546589619896
"StripedLockTaskPoolDriver",1.6190867273620055,2.004988080343192,2.077553189984654
"StripedLockWorkerPoolDriver",2.507554643046307,3.873873771690956,4.579887040816845
"StripedLockPartialPipelineDriver",1.6623408752544604,3.28760875250147,3.70212873651955
"StripedLockPhasedPipelineDriver",1.9760705552110835,2.8251455254287485,3.4438938054730857
"StripedLockPNGRTaskPoolDriver",1.6704495648884778,2.0128050900027055,2.0038573884527615
"StripedLockPNGRWorkerPoolDriver",2.632256932095469,4.113160125038041,4.412902562078968
"StripedLockPNGRPartialPipelineDriver",1.7700522364127613,3.0079202494051205,3.8009389134250355
"StripedLockPNGRPhasedPipelineDriver",1.9609094610784832,3.2106502293784818,3.073834566468003
"FineGrainedTaskPoolDriver",1.8995778812981887,2.0335976338073705,2.0399842535068586
"FineGrainedWorkerPoolDriver",2.6364681631064193,3.8230475925248744,5.165859153351476
"FineGrainedPartialPipelineDriver",1.8842572972486902,3.214001232437034,3.8561946532304336
"FineGrainedPhasedPipelineDriver",2.1038120350847596,3.052155553918188,2.975686896098458
"NonBlockingTaskPoolDriver",1.8907176896637743,1.9974975508647925,2.14248549646452
"NonBlockingWorkerPoolDriver",2.6643055483533487,3.956205236659619,4.974345778138886
"NonBlockingPartialPipelineDriver",1.746797597969342,2.9733765697935697,3.713068907533244
"NonBlockingPhasedPipelineDriver",2.2690184779793183,3.1245817139345773,2.820270378182529