"firewallName","3","6","10"
"SerialFirewallDriver",1,1,1
"CoarseTaskPoolDriver",1.6086323713470239,1.5997689448842591,1.6307286785534894
"CoarseWorkerPoolDriver",1.676613567418657,1.1900873089079118,1.1084070575025897
"CoarsePartialPipelineDriver",1.3909622628309666,1.6908028579489673,2.0977760034341735
"CoarsePhasedPipelineDriver",1.8901978898675456,1.0728014407372635,1.0203166041667888
"StripedLockTaskPoolDriver",1.6879937120130686,1.736149852768799,1.738994414430117
"StripedLockWorkerPoolDriver",1.9375299449015078,2.8927576532514,3.070272263566932
"StripedLockPartialPipelineDriver",1.6717917921268792,2.406421081890969,2.7485210794546746
"StripedLockPhasedPipelineDriver",1.9464713689654751,2.269484523058005,2.1386672656946084
"StripedLockPNGRTaskPoolDriver",1.6196262510493558,1.7398370624195962,1.8300321604560952
"StripedLockPNGRWorkerPoolDriver",2.2672398928293727,3.5990260659422546,3.97450599208904
"StripedLockPNGRPartialPipelineDriver",1.707184184854029,2.5138334546307712,2.8041430662898508
"StripedLockPNGRPhasedPipelineDriver",1.8552947226778131,2.288268069057733,2.2630092262985846
"FineGrainedTaskPoolDriver",1.6303285153230873,1.7342513598764395,1.7632237743745993
"FineGrainedWorkerPoolDriver",2.267147189387071,3.1463710984038866,3.8587426593131644
"FineGrainedPartialPipelineDriver",1.6252329511521195,2.3574854575532047,3.1298684153253147
"FineGrainedPhasedPipelineDriver",1.687309812847858,2.1190333922123106,1.9710590489090178
"NonBlockingTaskPoolDriver",1.7257667310926896,1.691007389648403,1.6750621966105572
"NonBlockingWorkerPoolDriver",2.3477850954688013,4.266126804602239,5.10650157588806
"NonBlockingPartialPipelineDriver",1.7663710755404605,2.6379628707396576,2.711881697695675
"NonBlockingPhasedPipelineDriver",2.4074775688776584,2.6236786594243444,2.054557143914183