"firewallName","3","6","10"
"SerialFirewallDriver",1,1,1
"CoarseTaskPoolDriver",1.5092065440924514,1.6746215273755831,1.6027677280292085
"CoarseWorkerPoolDriver",1.4199828334024496,1.354973659026348,1.2813413312405073
"CoarsePartialPipelineDriver",1.3523608651820016,1.719900598588847,2.7567005482885687
"CoarsePhasedPipelineDriver",1.7392895997714815,1.1466792227847604,1.152039852380636
"StripedLockTaskPoolDriver",1.7293130922612887,1.9386392338241105,1.9997195622314416
"StripedLockWorkerPoolDriver",2.1248314940684314,3.526883911066893,4.710684382185411
"StripedLockPartialPipelineDriver",1.9250707922254107,2.432357828816502,3.090481544832004
"StripedLockPhasedPipelineDriver",1.9552207574718286,1.9614272344391532,3.0384171665195296
"StripedLockPNGRTaskPoolDriver",1.8563406962912952,1.7304440898655145,1.801565186643762
"StripedLockPNGRWorkerPoolDriver",2.4013203839386392,3.6908407680346325,4.678078431289783
"StripedLockPNGRPartialPipelineDriver",1.756693212549567,2.5455614207946726,2.930456949619844
"StripedLockPNGRPhasedPipelineDriver",1.820483171229139,2.1402436105198075,2.2627405945783896
"FineGrainedTaskPoolDriver",1.7679586888082641,1.8642605287908058,1.8780134673521742
"FineGrainedWorkerPoolDriver",2.242870341781206,3.89873614359258,4.499274557762512
"FineGrainedPartialPipelineDriver",1.9067164645518344,2.857495959715137,2.863834548458053
"FineGrainedPhasedPipelineDriver",2.0341867396835536,2.377789749693659,2.477914850921417
"NonBlockingTaskPoolDriver",1.8606185010247174,1.952307189843453,1.8769419969422951
"NonBlockingWorkerPoolDriver",2.6138522753896343,4.5523851664496915,6.1155098850045535
"NonBlockingPartialPipelineDriver",2.0783524798710196,2.696409730641809,2.7443223648178376
"NonBlockingPhasedPipelineDriver",2.146632869246642,3.0984613045708387,2.5964569689192682