"firewallName","3","6","10"
"SerialFirewallDriver",1,1,1
"CoarseTaskPoolDriver",1.343846312060959,1.291899837055598,1.4026227504414075
"CoarseWorkerPoolDriver",1.1880941281578663,1.1312590602060333,1.080656179424134
"CoarsePartialPipelineDriver",1.153549922007546,1.616529312672724,1.738508898894973
"CoarsePhasedPipelineDriver",1.2967120117243889,0.9209595991771383,0.9361403295587423
"StripedLockTaskPoolDriver",1.8297553990348536,1.8283427505740244,1.7613691260155646
"StripedLockWorkerPoolDriver",2.1106921300302406,2.904709772783344,3.2727985918007776
"StripedLockPartialPipelineDriver",1.681778954009663,2.2720055158503194,2.92027185703944
"StripedLockPhasedPipelineDriver",1.605505080254554,2.0673654486224455,1.8215046538636326
"StripedLockPNGRTaskPoolDriver",1.8838402366840898,1.8852904657940162,1.9408012831793193
"StripedLockPNGRWorkerPoolDriver",1.9525281281211868,2.958978971590601,3.5686068372092747
"StripedLockPNGRPartialPipelineDriver",1.8377825567558665,2.165502807015568,2.6258602888520133
"StripedLockPNGRPhasedPipelineDriver",1.4878280485323696,2.3874398958480496,2.090023743097247
"FineGrainedTaskPoolDriver",1.7930893489401096,1.833013129122364,1.8193701848782953
"FineGrainedWorkerPoolDriver",1.98602720094098,3.244047342125369,3.47515559675494
"FineGrainedPartialPipelineDriver",1.8238943854318463,2.292370251444615,2.688463420950791
"FineGrainedPhasedPipelineDriver",1.6228249248145121,2.1810500532758,1.9519086739904772
"NonBlockingTaskPoolDriver",2.0082077171469916,1.8853484179521869,1.7778282263743017
"NonBlockingWorkerPoolDriver",2.2451546462212457,3.7620177461051054,4.702737729720108
"NonBlockingPartialPipelineDriver",1.8124594620203942,2.309001883393877,2.716493750201172
"NonBlockingPhasedPipelineDriver",1.6698042438623992,2.3163043609580054,2.2617455252361114