"firewallName","3","6","10"
"SerialFirewallDriver",1,1,1
"CoarseTaskPoolDriver",1.5984792775774284,1.5420584581773313,1.6400451251769321
"CoarseWorkerPoolDriver",1.703692673135538,1.2840555276949415,1.233304516946102
"CoarsePartialPipelineDriver",1.5003702977976656,1.7628295057726637,2.4825083171528517
"CoarsePhasedPipelineDriver",1.9329941707167033,1.2561098345425046,1.0702029384289256
"StripedLockTaskPoolDriver",1.6072736294943102,1.61604797603211,1.5580309178258864
"StripedLockWorkerPoolDriver",1.9221991154331923,2.6933851674460625,3.687289193067419
"StripedLockPartialPipelineDriver",1.5451013435357874,2.1273249101919034,2.564766992822985
"StripedLockPhasedPipelineDriver",1.598476200278906,2.056275478536593,2.00897367485969
"StripedLockPNGRTaskPoolDriver",1.5505080947946717,1.6068762124111438,1.7034921738902975
"StripedLockPNGRWorkerPoolDriver",2.28910399560482,3.2527359305634906,4.715337276372835
"StripedLockPNGRPartialPipelineDriver",1.5165667694896117,2.269831159270709,2.5882202883822742
"StripedLockPNGRPhasedPipelineDriver",1.9965769064528764,1.9926602003090188,1.8915186531490087
"FineGrainedTaskPoolDriver",1.4591772983571853,1.5698032115411202,1.590536271789471
"FineGrainedWorkerPoolDriver",2.0913010159490235,3.269216841888016,3.6429515903520833
"FineGrainedPartialPipelineDriver",1.6223910434442446,2.195804186129164,2.610445487649487
"FineGrainedPhasedPipelineDriver",1.648778403967375,2.115010941038221,2.1767745527941784
"NonBlockingTaskPoolDriver",1.5529914886340677,1.5685179721527673,1.6151066507339003
"NonBlockingWorkerPoolDriver",2.169913824613187,3.7745254758989653,4.980633554147422
"NonBlockingPartialPipelineDriver",1.6407167688119824,2.3241771079502813,2.7307907441145116
"NonBlockingPhasedPipelineDriver",2.533639638279471,2.7018708985006765,3.048795997158583