"firewallName","3","6","10"
"SerialFirewallDriver",1,1,1
"CoarseTaskPoolDriver",1.1258634810311579,1.1257306431661211,1.125599333638581
"CoarseWorkerPoolDriver",1.114102511255943,1.1220540338311413,1.097913544358627
"CoarsePartialPipelineDriver",1.2001048705456026,1.6841666625787888,1.6694328246545789
"CoarsePhasedPipelineDriver",1.5497445243645231,0.9701083859089324,0.9827773239090214
"StripedLockTaskPoolDriver",1.9422346191370823,1.9812426466523951,1.9112349523418848
"StripedLockWorkerPoolDriver",2.2195121963910527,3.1743173836158753,3.3395866012833886
"StripedLockPartialPipelineDriver",1.7289456636536586,2.5438072150705557,3.0917009237986823
"StripedLockPhasedPipelineDriver",1.7948182048350887,2.325718441972012,2.4116292327331976
"StripedLockPNGRTaskPoolDriver",1.820869673292798,1.9491257710029404,1.946542454564505
"StripedLockPNGRWorkerPoolDriver",2.186806247770703,3.157516971466925,3.9731955184625574
"StripedLockPNGRPartialPipelineDriver",1.8358132723476719,2.770687289455623,3.1237863040886324
"StripedLockPNGRPhasedPipelineDriver",1.7362340159599876,2.4684630263278207,2.1264478267813867
"FineGrainedTaskPoolDriver",1.8745272362969259,1.842277633305529,1.677341458325548
"FineGrainedWorkerPoolDriver",2.1810875414868773,2.9831537219625157,3.8130117975581266
"FineGrainedPartialPipelineDriver",1.9340361268644592,2.5748579108934755,2.774958755607404
"FineGrainedPhasedPipelineDriver",1.6005124111604785,2.031408799432767,2.37860322796983
"NonBlockingTaskPoolDriver",2.0541435232681047,2.184177446962845,1.5528623718161303
"NonBlockingWorkerPoolDriver",2.2548198917767155,4.347191041809983,4.368399719996755
"NonBlockingPartialPipelineDriver",1.7372758200324414,2.6649199540996285,3.2089026590661365
"NonBlockingPhasedPipelineDriver",1.7485169642207818,2.5431771613207115,2.3730265525389886