"firewallName","3","6","10"
"SerialFirewallDriver",1,1,1
"CoarseTaskPoolDriver",1.6238807629833811,1.672684028651477,1.6232131729796488
"CoarseWorkerPoolDriver",1.660381862125058,1.1611824675577382,1.1722394574255328
"CoarsePartialPipelineDriver",1.5092827265303963,1.7988637627618491,2.3126716960745357
"CoarsePhasedPipelineDriver",1.6946940535564234,1.1096844772106513,1.0233129114156072
"StripedLockTaskPoolDriver",1.7248581913392298,1.7479031544799812,1.6909906972743096
"StripedLockWorkerPoolDriver",2.0471235578559153,2.964099843857751,3.1262909192940285
"StripedLockPartialPipelineDriver",1.5753210531021031,2.0931542539893644,2.700298697770079
"StripedLockPhasedPipelineDriver",1.602520762097096,2.079856332178379,1.9161055564801976
"StripedLockPNGRTaskPoolDriver",1.7035578244247707,1.6268056593848677,1.8049916386498697
"StripedLockPNGRWorkerPoolDriver",2.0426946271294173,3.2532138810787776,3.2168532351956465
"StripedLockPNGRPartialPipelineDriver",1.6246885927213084,2.2924936904333078,2.577237847658828
"StripedLockPNGRPhasedPipelineDriver",1.7871658743082706,1.9900833656944719,1.882389855528121
"FineGrainedTaskPoolDriver",1.656250497143214,1.7266790421380724,1.7130965472006747
"FineGrainedWorkerPoolDriver",1.9687218541416114,2.949067392865362,3.838918427405164
"FineGrainedPartialPipelineDriver",1.7552609972193467,2.062001123056053,2.7892792293593076
"FineGrainedPhasedPipelineDriver",1.5230541875840014,2.0706685058354055,1.7950196517333956
"NonBlockingTaskPoolDriver",1.605798330403079,1.8610682052602991,1.6412696125427793
"NonBlockingWorkerPoolDriver",1.8885548025878693,3.3534241446528803,4.91672643299873
"NonBlockingPartialPipelineDriver",1.4604745420118082,2.2265669223971702,2.92305108562872
"NonBlockingPhasedPipelineDriver",2.1177234886774734,2.4068733994110394,2.7811178203168705